Business Name,Category,Phone,Website,Address,City,State,ZIP,Rating,Reviews,Google Maps URL
Aspen Pest Control Vancouver,Pest control service,(360) 835-6564,https://aspenpestservice.com/?utm_source=google&utm_medium=organic&utm_campaign=gmbwebsite&utm_content=vancouver,"12104 NE 95th St, Vancouver, WA 98682",Vancouver,Washington,98682,5,4040,https://www.google.com/maps/search/?api=1&query=Aspen%20Pest%20Control%20Vancouver&query_place_id=ChIJ7yYye6uklVQROAD7QzudNQg
TMG Property Management Services NW,Property management company,(360) 892-4000,https://tmgnorthwest.com/,"7710 NE Vancouver Mall Dr Ste B, Vancouver, WA 98662",Vancouver,Washington,98662,4.4,1929,https://www.google.com/maps/search/?api=1&query=TMG%20Property%20Management%20Services%20NW&query_place_id=ChIJzb46n5WvlVQRz41rfORVITo
Evergreen Real Estate Partners,Real estate agency,(360) 215-2859,http://evergreenrealestatepartners.com/,"2700 E Evergreen Blvd, Vancouver, WA 98661",Vancouver,Washington,98661,4.9,892,https://www.google.com/maps/search/?api=1&query=Evergreen%20Real%20Estate%20Partners&query_place_id=ChIJ5fcgbVGvlVQRnPZUbDdN-xk
OnTrac,Logistics service,(800) 334-5000,https://www.ontrac.com/,"3665 NW 32nd Ave, Vancouver, WA 98660",Vancouver,Washington,98660,1.5,861,https://www.google.com/maps/search/?api=1&query=OnTrac&query_place_id=ChIJsVoOjSiplVQRNwCW7QXaUi4
Invest West Management,Property management company,(360) 254-5700,https://www.iwmrentals.com/,"12503 SE Mill Plain Blvd #260, Vancouver, WA 98684",Vancouver,Washington,98684,4.4,821,https://www.google.com/maps/search/?api=1&query=Invest%20West%20Management&query_place_id=ChIJq6qq6gUKlVQR8zGGdw2zjPA
"Zenith Properties NW, LLC",Property management company,(360) 696-3111,https://www.zenithpro.com/?utm_source=google&utm_medium=gbp&utm_campaign=vancouver,"1498 SE Tech Center Pl #170, Vancouver, WA 98683",Vancouver,Washington,98683,4.4,790,https://www.google.com/maps/search/?api=1&query=Zenith%20Properties%20NW%2C%20LLC&query_place_id=ChIJGabDCoyllVQRbdz5HNOyYvI
Haris Realty Group,Real estate agency,(360) 521-1615,http://www.harisrealtygroup.com/,"2211 E Mill Plain Blvd, Vancouver, WA 98661",Vancouver,Washington,98661,5,527,https://www.google.com/maps/search/?api=1&query=Haris%20Realty%20Group&query_place_id=ChIJ3TXaaVGvlVQRvAWxfQ6NAqo
Law Office of Erin Bradley McAleer,Attorney,(360) 334-6277,https://www.mcaleerlaw.net/,"3709 E 4th Plain Blvd, Vancouver, WA 98661",Vancouver,Washington,98661,4.8,351,https://www.google.com/maps/search/?api=1&query=Law%20Office%20of%20Erin%20Bradley%20McAleer&query_place_id=ChIJJw9XQhillVQRfoJvvPdeydM
Eradicon Pest Management,Pest control service,(360) 747-7150,http://www.eradicon.com/,"5305 NE 121st Ave Ste. 405, Vancouver, WA 98682",Vancouver,Washington,98682,4.9,318,https://www.google.com/maps/search/?api=1&query=Eradicon%20Pest%20Management&query_place_id=ChIJCZQHOmGxlVQRltbCXXuAc4M
Columbia View,Apartment complex,(360) 989-3700,https://www.columbiaviewapts.com/?utm_source=GBP&utm_medium=organic&utm_campaign=GBP,"4801 E 5th St, Vancouver, WA 98661",Vancouver,Washington,98661,4.3,286,https://www.google.com/maps/search/?api=1&query=Columbia%20View&query_place_id=ChIJ5wBxEPKllVQRjFaVq_NsQsw
AMS | Association Management Services NW,Property management company,(360) 891-8060,https://ams-nw.com/,"7710 NE Vancouver Mall Dr Ste C, Vancouver, WA 98662",Vancouver,Washington,98662,4.4,283,https://www.google.com/maps/search/?api=1&query=AMS%20%7C%20Association%20Management%20Services%20NW&query_place_id=ChIJ8TvjnpWvlVQRHHf05heKfo0
"Peter Cutile, Realtor",Real estate agency,(360) 213-6787,https://petercutilehomes.com/,"500 Broadway St #120, Vancouver, WA 98660",Vancouver,Washington,98660,4.9,283,https://www.google.com/maps/search/?api=1&query=Peter%20Cutile%2C%20Realtor&query_place_id=ChIJrTgnOGGvlVQRCWi2NMSIbWI
YQC Properties LLC,Property management company,(360) 972-7972,http://www.yqcproperties.com/,"1004 NE 112th Ave, Vancouver, WA 98684",Vancouver,Washington,98684,4.2,282,https://www.google.com/maps/search/?api=1&query=YQC%20Properties%20LLC&query_place_id=ChIJRQSFzX27lVQR1_i0lPyrqNg
Navigate Law Group,Law firm,(360) 216-1098,https://www.navigatelawgroup.com/,"1310 Main St, Vancouver, WA 98660",Vancouver,Washington,98660,4.7,275,https://www.google.com/maps/search/?api=1&query=Navigate%20Law%20Group&query_place_id=ChIJOenI_7ColVQRLc5tLuEOLTo
SunWorld Group Property Management,Property management company,(360) 574-0210,https://www.sunworldgroup.com/,"9901 NE 7th Ave Ste C119, Vancouver, WA 98685",Vancouver,Washington,98685,4.1,248,https://www.google.com/maps/search/?api=1&query=SunWorld%20Group%20Property%20Management&query_place_id=ChIJidlFQHyulVQR1ysJfSBC0ng
The Park at Mill Plain,Apartment complex,(360) 839-2957,http://www.myparkapartments.com/,"206 NE 126th Ave, Vancouver, WA 98684",Vancouver,Washington,98684,4.2,240,https://www.google.com/maps/search/?api=1&query=The%20Park%20at%20Mill%20Plain&query_place_id=ChIJDdSNryKllVQR5Yzm46yFTME
The Tierney Real Estate Network,Real estate agent,(360) 362-8002,https://www.thetierneynetwork.com/,"2211 E Mill Plain Blvd, Vancouver, WA 98661",Vancouver,Washington,98661,5,233,https://www.google.com/maps/search/?api=1&query=The%20Tierney%20Real%20Estate%20Network&query_place_id=ChIJR-FZaFGvlVQRdSYcgZVtGDQ
The Columbia at the Waterfront,Apartment complex,(360) 639-4960,https://www.thecolumbiaatthewaterfront.com/?utm_source=GBP&utm_medium=organic&utm_campaign=GBP,"1111 W Columbia Way, Vancouver, WA 98660",Vancouver,Washington,98660,4.6,222,https://www.google.com/maps/search/?api=1&query=The%20Columbia%20at%20the%20Waterfront&query_place_id=ChIJa-9CHB2plVQRS92cAjmJFEo
Premier Property Management,Property management company,(360) 546-1554,http://www.premiervancouver.com/,"1401 SE 163rd Ave, Vancouver, WA 98683",Vancouver,Washington,98683,2.2,222,https://www.google.com/maps/search/?api=1&query=Premier%20Property%20Management&query_place_id=ChIJ3Uqb2Q-vlVQRKt8Uf-VQSX0
Slate Ridge at Fisher's Landing Apartment Homes,Apartment complex,(844) 642-5669,https://www.elevatetoslateridge.com/?utm_medium=organic&utm_source=google&utm_campaign=gbp-website-button,"3100 SE 168th Ave, Vancouver, WA 98683",Vancouver,Washington,98683,4.4,218,https://www.google.com/maps/search/?api=1&query=Slate%20Ridge%20at%20Fisher's%20Landing%20Apartment%20Homes&query_place_id=ChIJyVN07ruklVQRuAyryQqt-uk
A&A Pest Control - Vancouver,Pest control service,(360) 209-1798,https://aapestcontrol.com/vancouver-wa,"303 E 16th St Ste 208, Vancouver, WA 98663",Vancouver,Washington,98663,4.8,188,https://www.google.com/maps/search/?api=1&query=A%26A%20Pest%20Control%20-%20Vancouver&query_place_id=ChIJ9bM6mESwlVQRsGDNDdn3jVM
Personal Property Management and Consulting LLC,Property management company,(360) 574-3201,http://www.personalpropertymgmt.com/,"2616 NE 112th Ave, Vancouver, WA 98684",Vancouver,Washington,98684,4,173,https://www.google.com/maps/search/?api=1&query=Personal%20Property%20Management%20and%20Consulting%20LLC&query_place_id=ChIJZ-M8RLWolVQRNYV--ptZKyM
Kestrel Park,Apartment complex,(360) 499-6556,https://www.kestrelparkapartments.com/?utm_source=GBP&utm_medium=organic&utm_campaign=GBP,"6900 NE 154th Ave, Vancouver, WA 98682",Vancouver,Washington,98682,4.8,169,https://www.google.com/maps/search/?api=1&query=Kestrel%20Park&query_place_id=ChIJ04xiCNOxlVQRtnlCBnbcbXM
Real Property Management Vancouver,Property management company,(360) 883-4881,https://www.realpropertyvancouver.com/?cid=LSTL_RPM000203&utm_source=gmb&utm_campaign=local&utm_medium=organic,"7200 NE 41st St Ste 201, Vancouver, WA 98662",Vancouver,Washington,98662,4.2,168,https://www.google.com/maps/search/?api=1&query=Real%20Property%20Management%20Vancouver&query_place_id=ChIJS75WMG6wlVQRjlQ7swWRmuU
Giving Group Realty,Real estate agent,(360) 997-2200,https://givinggrouprealty.com/,"2211 E Mill Plain Blvd, Vancouver, WA 98661",Vancouver,Washington,98661,5,156,https://www.google.com/maps/search/?api=1&query=Giving%20Group%20Realty&query_place_id=ChIJeVqYAGO0lVQROxfXok-i_ok
The Woodlands,Apartment rental agency,(833) 771-5011,https://www.woodlandsapthomes.com/?rccustomid=NTYzNzY%3D-1LRZt%2FjD7Uc%3D&utm_source=gmb&utm_medium=organic,"7700 NE 72nd Ave, Vancouver, WA 98661",Vancouver,Washington,98661,4.3,154,https://www.google.com/maps/search/?api=1&query=The%20Woodlands&query_place_id=ChIJvzGD0cyvlVQRL1yawt8jfLI
Silver Oak,Apartment rental agency,(360) 233-2603,https://www.silveroakliving.com/?funnelleasing=onlinelisting&utm_source=gmb&utm_medium=organic,"8701 NE 54th St, Vancouver, WA 98662",Vancouver,Washington,98662,3.4,139,https://www.google.com/maps/search/?api=1&query=Silver%20Oak&query_place_id=ChIJW_WPPuqvlVQRZ8DJrjcuO10
Haven Hills,Apartment complex,(360) 836-1114,https://www.liveathavenhills.com/?utm_source=GBP&utm_medium=organic&utm_campaign=GBP,"13914 NE Salmon Creek Ave, Vancouver, WA 98686",Vancouver,Washington,98686,4.6,135,https://www.google.com/maps/search/?api=1&query=Haven%20Hills&query_place_id=ChIJg03laUOtlVQRx5l_3w7GW7w
Passage Apartments,Apartment complex,(855) 396-1785,https://www.liveatpassage.com/,"12800 SE 7th St, Vancouver, WA 98683",Vancouver,Washington,98683,4.3,131,https://www.google.com/maps/search/?api=1&query=Passage%20Apartments&query_place_id=ChIJUzMi8R6llVQR2t3U6Q3DBgA
Green Leaf Uptown,Apartment complex,(360) 828-5575,http://greenleafuptown.com/,"1700 Main St, Vancouver, WA 98660",Vancouver,Washington,98660,4.6,129,https://www.google.com/maps/search/?api=1&query=Green%20Leaf%20Uptown&query_place_id=ChIJ--fcgrWolVQRqnpj2HFOXHY
Council For the Homeless,Homeless service,(360) 695-9677,http://www.councilforthehomeless.org/,"7723 NE Fourth Plain Blvd Ste C, Vancouver, WA 98662",Vancouver,Washington,98662,4,129,https://www.google.com/maps/search/?api=1&query=Council%20For%20the%20Homeless&query_place_id=ChIJx7GDoDSvlVQRkHMNsvtwNdw
Hearth Apartment Homes,Apartment rental agency,(833) 725-0648,https://hearth.mgproperties.com/?rcstdid=Mg%3D%3D-YRjTEizZPgM%3D,"16516 SE Mill Plain Blvd, Vancouver, WA 98684",Vancouver,Washington,98684,4,127,https://www.google.com/maps/search/?api=1&query=Hearth%20Apartment%20Homes&query_place_id=ChIJnyrms4WllVQRzeNqTN4OUPQ
Cano Real Estate,Real estate agency,(360) 823-3333,http://www.canorealestate.com/,"415 E Mill Plain Blvd, Vancouver, WA 98660",Vancouver,Washington,98660,4.9,126,https://www.google.com/maps/search/?api=1&query=Cano%20Real%20Estate&query_place_id=ChIJ19kxj7SolVQRUVedy-BLsIk
Eight Towncenter Apartments,Apartment rental agency,(360) 531-7194,https://www.eighttowncenter.com/?utm_source=gmb&utm_medium=organic,"16900 SE 26th Dr, Vancouver, WA 98683",Vancouver,Washington,98683,4,122,https://www.google.com/maps/search/?api=1&query=Eight%20Towncenter%20Apartments&query_place_id=ChIJeXQPf7eklVQRHWQBOwAh8LM
VPMG Property Management Vancouver WA,Property management company,(360) 803-2002,https://propertymanagementvancouverwa.com/,"4305 NE Thurston Way Ste D, Vancouver, WA 98662",Vancouver,Washington,98662,5,118,https://www.google.com/maps/search/?api=1&query=VPMG%20Property%20Management%20Vancouver%20WA&query_place_id=ChIJWfZdYm2plVQRKqO8RLm5Tjo
"Utopia Property Management | Vancouver, WA",Property management company,(360) 843-2222,https://utopiamanagement.com/office-location/vancouver,"4400 NE 77th Ave #275, Vancouver, WA 98662",Vancouver,Washington,98662,4.9,117,https://www.google.com/maps/search/?api=1&query=Utopia%20Property%20Management%20%7C%20Vancouver%2C%20WA&query_place_id=ChIJKfT_0QKvlVQRg0Azy2ZUC2s
Dove Property Management,Property management company,(360) 448-2851,https://dovepropertymanagement.com/,"14300 SE 1st St Ste. 150, Vancouver, WA 98684",Vancouver,Washington,98684,3.1,117,https://www.google.com/maps/search/?api=1&query=Dove%20Property%20Management&query_place_id=ChIJ9V1cVuKvlVQRU-gKhRS3x7s
Trio Pointe,Apartment rental agency,(855) 643-6598,https://www.triopointe.com/?utm_source=gmb&utm_medium=organic,"19600 NE 3rd St, Camas, WA 98607",Camas,Washington,98607,4.1,117,https://www.google.com/maps/search/?api=1&query=Trio%20Pointe&query_place_id=ChIJ5aWoZz27lVQRrGIfamVQffc
Key Property Services,Property management company,(360) 695-1538,https://www.kpsinc.net/,"7700 NE Greenwood Dr #110, Vancouver, WA 98662",Vancouver,Washington,98662,3.1,110,https://www.google.com/maps/search/?api=1&query=Key%20Property%20Services&query_place_id=ChIJyxnyUJGvlVQR3PlEapnBsW0
Quantum Residential,Property management company,(360) 696-9000,http://www.quantumresidential.com/,"601 E 16th St, Vancouver, WA 98663",Vancouver,Washington,98663,2.2,109,https://www.google.com/maps/search/?api=1&query=Quantum%20Residential&query_place_id=ChIJxQJazLSolVQRHyMGgazLM3g
Sedona at Bridgecreek,Apartment rental agency,(360) 404-7527,https://www.sedonaatbridgecreekliving.com/?funnelleasing=onlinelisting&utm_source=gmb&utm_medium=organic,"2220 NE Bridgecreek Ave, Vancouver, WA 98664",Vancouver,Washington,98664,3.7,107,https://www.google.com/maps/search/?api=1&query=Sedona%20at%20Bridgecreek&query_place_id=ChIJPdso1X2llVQRqO-wbib3fIM
Maple Ridge Apartments,Apartment rental agency,(360) 468-7384,https://www.mapleridgevancouver.com/?rcstdid=Mg%3D%3D-YRjTEizZPgM%3D&utm_source=GBP&utm_medium=organic,"306 NE 104th Ave, Vancouver, WA 98664",Vancouver,Washington,98664,4.4,106,https://www.google.com/maps/search/?api=1&query=Maple%20Ridge%20Apartments&query_place_id=ChIJdfE7qg2llVQRJwTajUs2wU0
The Terrace at River Oaks,Apartment building,(360) 787-3744,https://riveroakscamas.com/,"3009 NE 3rd Ave, Camas, WA 98607",Camas,Washington,98607,4.9,104,https://www.google.com/maps/search/?api=1&query=The%20Terrace%20at%20River%20Oaks&query_place_id=ChIJic_XUVC8lVQRDA7SOSeJzBg
Acero Jensen Park Apartments,Apartment complex,(564) 888-2798,https://www.acerojensenpark.com/,"7714 NE 39th Ct, Vancouver, WA 98665",Vancouver,Washington,98665,4.5,103,https://www.google.com/maps/search/?api=1&query=Acero%20Jensen%20Park%20Apartments&query_place_id=ChIJizqEgaGvlVQRnxVN51YmUSA
Kielo at Grass Valley Apartments,Apartment complex,(360) 216-1275,https://www.kieloapartments.com/,"5988 NW 38th Ave, Camas, WA 98607",Camas,Washington,98607,4.1,102,https://www.google.com/maps/search/?api=1&query=Kielo%20at%20Grass%20Valley%20Apartments&query_place_id=ChIJhxr3sZu7lVQRjEaGsntE7_I
Ashley Terrace,Apartment building,(360) 750-1550,http://www.ashleyterracewa.com/,"4500 Nicholson Rd, Vancouver, WA 98661",Vancouver,Washington,98661,4.1,102,https://www.google.com/maps/search/?api=1&query=Ashley%20Terrace&query_place_id=ChIJEaW-OXKvlVQRsOqAhMOiDW0
Alder Pointe Apartments,Apartment complex,(360) 828-1451,http://www.alderpointe.com/,"1511 SW 15th Ave, Battle Ground, WA 98604",Battle Ground,Washington,98604,4,101,https://www.google.com/maps/search/?api=1&query=Alder%20Pointe%20Apartments&query_place_id=ChIJmbNSlIezlVQRAHz3o9B0Ubk
Cristal Mendez Sanchez Realtor Vancouver Washington,Real estate agency,(360) 921-9159,http://cristalsellsvancouver.com/,"717 W Main St Ste 125, Battle Ground, WA 98604",Battle Ground,Washington,98604,5,93,https://www.google.com/maps/search/?api=1&query=Cristal%20Mendez%20Sanchez%20Realtor%20Vancouver%20Washington&query_place_id=ChIJVVWl4uKvlVQRyyCHvPdiaVA
Leigh Calvert - Cascade Hasson | Sotheby's International Realty,Real estate agency,(360) 909-5371,https://oxfordstreetpartners.com/,"900 Washington St Ste 150, Vancouver, WA 98660",Vancouver,Washington,98660,5,91,https://www.google.com/maps/search/?api=1&query=Leigh%20Calvert%20-%20Cascade%20Hasson%20%7C%20Sotheby's%20International%20Realty&query_place_id=ChIJh9OJS1WplVQRsrkFSp56uds
Donna Roberts Group,Real estate agency,(360) 521-5478,https://www.donnarobertsgroup.com/,"403 NE 5th Ave, Camas, WA 98607",Camas,Washington,98607,4.8,91,https://www.google.com/maps/search/?api=1&query=Donna%20Roberts%20Group&query_place_id=ChIJbzgSpxillVQRZhsVuWM_nkU
Mansy Real Estate Group,Real estate agent,(360) 401-8857,https://www.mansygroup.com/,"612 E 17th St, Vancouver, WA 98663",Vancouver,Washington,98663,4.8,91,https://www.google.com/maps/search/?api=1&query=Mansy%20Real%20Estate%20Group&query_place_id=ChIJ7RC8XAuplVQR9R6U01mJBac
Autumn Grove Apartments,Apartment complex,(360) 226-8515,https://www.autumngrove-apartments.com/?utm_source=apartmentseo&utm_medium=gmb&utm_campaign=organicmaplisting,"8778 NE 54th St, Vancouver, WA 98662",Vancouver,Washington,98662,4,91,https://www.google.com/maps/search/?api=1&query=Autumn%20Grove%20Apartments&query_place_id=ChIJXSLvNqmvlVQRWZjPDGUyKnA
Terra at Hazel Dell,Apartment complex,(360) 859-9524,https://www.terraathazeldell.com/?utm_source=gbp,"2600 NE Minnehaha St, Vancouver, WA 98665",Vancouver,Washington,98665,4,90,https://www.google.com/maps/search/?api=1&query=Terra%20at%20Hazel%20Dell&query_place_id=ChIJu4SSKvmulVQRZffsVK_vMdw
Josh Thomas Real Estate Broker,Real estate agency,(360) 901-2280,http://www.jetyourestate.com/,"15524 SE Mill Plain Blvd Ste 100, Vancouver, WA 98684",Vancouver,Washington,98684,5,89,https://www.google.com/maps/search/?api=1&query=Josh%20Thomas%20Real%20Estate%20Broker&query_place_id=ChIJAQBQ1NaklVQRzYeaxOfaox4
StoneBridge Crossing,Apartment complex,(360) 693-6886,https://stonebridgecrossing.com/,"2301 NE 81st St, Vancouver, WA 98665",Vancouver,Washington,98665,4.3,85,https://www.google.com/maps/search/?api=1&query=StoneBridge%20Crossing&query_place_id=ChIJq9OFv16ulVQR5SJc9N4yT-Y
Veri Vancouver Apartments,Apartment complex,(877) 840-5476,https://www.verivancouver.com/,"8011 NE Fourth Plain Blvd, Vancouver, WA 98662",Vancouver,Washington,98662,3.9,85,https://www.google.com/maps/search/?api=1&query=Veri%20Vancouver%20Apartments&query_place_id=ChIJq4sFDY-vlVQRChNCPrLQAMk
Meritum Evergreen Apartments,Apartment complex,(360) 334-5667,https://www.meritumevergreen.com/,"1441 NE 136th Ave, Vancouver, WA 98684",Vancouver,Washington,98684,4,83,https://www.google.com/maps/search/?api=1&query=Meritum%20Evergreen%20Apartments&query_place_id=ChIJTZo_lE6llVQR4ClOAPInkYc
Bagley Estates Apartments,Apartment complex,(971) 348-3040,http://bagleyestatesvancouver.com/,"4201 E 4th Plain Blvd, Vancouver, WA 98661",Vancouver,Washington,98661,4,80,https://www.google.com/maps/search/?api=1&query=Bagley%20Estates%20Apartments&query_place_id=ChIJC-R2i2WvlVQRljbg8Heh9yM
Blue Key Property Management Inc,Property management company,(360) 524-4994,http://www.bluekeypm.com/,"7017 NE Hwy 99 #216, Vancouver, WA 98665",Vancouver,Washington,98665,3.9,78,https://www.google.com/maps/search/?api=1&query=Blue%20Key%20Property%20Management%20Inc&query_place_id=ChIJrfhN6vGulVQR8dHEvna3qBg
Vancouver Housing Authority,Housing authority,(360) 694-2501,https://vhausa.org/,"2500 Main St STE 100, Vancouver, WA 98660",Vancouver,Washington,98660,3.8,73,https://www.google.com/maps/search/?api=1&query=Vancouver%20Housing%20Authority&query_place_id=ChIJx7GDoDSvlVQRRtTgQ0oYCeI
List4FlatFee,Real estate agency,(425) 344-6779,https://list4flatfee.com/,"330 NE Cedar St #201, Camas, WA 98607",Camas,Washington,98607,4.9,72,https://www.google.com/maps/search/?api=1&query=List4FlatFee&query_place_id=ChIJ___2crivlVQRpMyTxwXDnRQ
Millennium Park Apartments,Apartment complex,(888) 778-3854,https://www.millenniumparkapts.com/?switch_cls[id]=69313&utm_source=businessprofile&utm_medium=search&utm_campaign=general,"621 SE 168th Ave, Vancouver, WA 98684",Vancouver,Washington,98684,4.7,71,https://www.google.com/maps/search/?api=1&query=Millennium%20Park%20Apartments&query_place_id=ChIJWd-Oay27lVQRVEThOpkn8XQ
Villas at Bridge Creek,Apartment complex,(360) 519-2813,http://www.livebridgecreek.com/,"2011 Brandt Rd, Vancouver, WA 98661",Vancouver,Washington,98661,4.2,71,https://www.google.com/maps/search/?api=1&query=Villas%20at%20Bridge%20Creek&query_place_id=ChIJl_QFLGavlVQRvJJrtcuSbBM
The Miller,Apartment complex,(360) 564-1776,https://liveatthemiller.com/?utm_source=llm&utm_medium=organic&utm_campaign=local-listing,"500 W Columbia Way, Vancouver, WA 98660",Vancouver,Washington,98660,4.8,70,https://www.google.com/maps/search/?api=1&query=The%20Miller&query_place_id=ChIJRXKPb5yplVQRp02zxTdwajY
Clark County Volunteer Lawyers Program,Attorney,(360) 695-5313,http://ccvlp.org/,"1104 Main St Ste 1, Vancouver, WA 98660",Vancouver,Washington,98660,3.7,67,https://www.google.com/maps/search/?api=1&query=Clark%20County%20Volunteer%20Lawyers%20Program&query_place_id=ChIJc-tCMLaolVQRKiFHF6A5JRQ
COHO138,Apartment complex,(877) 434-7508,https://www.coho138.com/,"2508 NE 138th Ave, Vancouver, WA 98684",Vancouver,Washington,98684,3.9,65,https://www.google.com/maps/search/?api=1&query=COHO138&query_place_id=ChIJVzzbOUullVQRpGUR3IH13VU
Utmost Property Management,Property management company,(360) 614-3016,http://www.utmostpropertymanagement.com/,"210 W 11th St STE B, Vancouver, WA 98660",Vancouver,Washington,98660,3.9,64,https://www.google.com/maps/search/?api=1&query=Utmost%20Property%20Management&query_place_id=ChIJo5Kjzk67lVQRZi3I0WoBWTg
The Oliveen,Apartment rental agency,(360) 314-2515,https://www.theoliveen.com/?ilm=obl&utm_source=gmb&utm_medium=organic,"19814 SE 1st St, Camas, WA 98607",Camas,Washington,98607,4,64,https://www.google.com/maps/search/?api=1&query=The%20Oliveen&query_place_id=ChIJh-qCc1e7lVQRUYpLUUOCEd4
Casey Apartments,Apartment complex,(360) 839-4911,http://www.livecasey.com/,"5515 NW Pacific Rim Blvd, Camas, WA 98607",Camas,Washington,98607,4.9,63,https://www.google.com/maps/search/?api=1&query=Casey%20Apartments&query_place_id=ChIJE04RO5e7lVQRnzJVU3e84rU
Aria Apartments,Apartment rental agency,(360) 346-9907,https://www.thearialiving.com/?ilm=obl&utm_source=gmb&utm_medium=organic,"636 W 6th St, Vancouver, WA 98660",Vancouver,Washington,98660,4.4,61,https://www.google.com/maps/search/?api=1&query=Aria%20Apartments&query_place_id=ChIJfZCinMKplVQRcjQEgKTv55M
"Josh McCuistion, Keller Williams, Realtor",Real estate agency,(360) 713-2100,https://joshqhomes.com/,"2211 E Mill Plain Blvd #100, Vancouver, WA 98661",Vancouver,Washington,98661,5,61,https://www.google.com/maps/search/?api=1&query=Josh%20McCuistion%2C%20Keller%20Williams%2C%20Realtor&query_place_id=ChIJ3TXaaVGvlVQRyn-tRAs30xg
Properties West 360,Property management company,(360) 574-6143,http://www.propertieswest360.com/,"2200 Broadway St # J, Vancouver, WA 98663",Vancouver,Washington,98663,3.9,61,https://www.google.com/maps/search/?api=1&query=Properties%20West%20360&query_place_id=ChIJZ9WKS2KulVQRS3EKzQAARFg
Adera Apartments,Apartment complex,(877) 426-4771,http://www.liveatadera.com/,"411 Columbia St, Vancouver, WA 98660",Vancouver,Washington,98660,4.6,58,https://www.google.com/maps/search/?api=1&query=Adera%20Apartments&query_place_id=ChIJw_ntlNOplVQRN1VYiB1jz2g
Seasons on the Park,Apartment building,(360) 723-0890,https://seasonsonthepark.com/,"1017 SE 12th Ave, Battle Ground, WA 98604",Battle Ground,Washington,98604,4.6,58,https://www.google.com/maps/search/?api=1&query=Seasons%20on%20the%20Park&query_place_id=ChIJE6UgzWi0lVQRoTQTc8UgB-4
Northwest Management Exclusive Inc.,Property management company,(360) 892-8798,http://www.nwmonline.com/,"11715 NE Crestwood Dr, Vancouver, WA 98684",Vancouver,Washington,98684,2.3,56,https://www.google.com/maps/search/?api=1&query=Northwest%20Management%20Exclusive%20Inc.&query_place_id=ChIJDUfN-M6klVQRXzVaDwMzaWc
Ken Rosengren at Lucido Global Team Portland / Vancouver,Real estate agency,(360) 609-0226,http://kensusanrosengren.pnwpropertypros.com/,"2211 E Mill Plain Blvd #100, Vancouver, WA 98661",Vancouver,Washington,98661,4.9,55,https://www.google.com/maps/search/?api=1&query=Ken%20Rosengren%20at%20Lucido%20Global%20Team%20Portland%20%2F%20Vancouver&query_place_id=ChIJyfcqvcOvlVQRDtyM6Wgs-jY
The Landing at Vancouver,Apartment complex,(360) 839-2551,http://thelandingvancouver.com/,"100 SE Olympia Dr, Vancouver, WA 98684",Vancouver,Washington,98684,3.6,55,https://www.google.com/maps/search/?api=1&query=The%20Landing%20at%20Vancouver&query_place_id=ChIJc3tqUoGllVQRzkvLHfrMeSQ
Eric Sawyer - - The Elevate Group - - Windermere Northwest Living - - Clark County Washington,Real estate agency,(360) 521-8877,http://yourelevategroup.com/,"1401 SE 164th Ave Ste 190, Vancouver, WA 98683",Vancouver,Washington,98683,5,53,https://www.google.com/maps/search/?api=1&query=Eric%20Sawyer%20-%20-%20The%20Elevate%20Group%20-%20-%20Windermere%20Northwest%20Living%20-%20-%20Clark%20County%20Washington&query_place_id=ChIJ3RONLFS7lVQRdzqjxa8Iq2A
River View Apartments,Apartment building,(360) 834-1366,https://riverviewcamas.com/,"3003 NE 3rd Ave, Camas, WA 98607",Camas,Washington,98607,4.3,52,https://www.google.com/maps/search/?api=1&query=River%20View%20Apartments&query_place_id=ChIJeQXkVlC8lVQRQCfymhGf0-Y
Northwest Justice Project Vancouver Office,Law firm,(360) 693-6130,https://nwjustice.org/,"1104 Main St #500, Vancouver, WA 98660",Vancouver,Washington,98660,4.2,50,https://www.google.com/maps/search/?api=1&query=Northwest%20Justice%20Project%20Vancouver%20Office&query_place_id=ChIJSTftp7ColVQR5--qArIar0c
Matin Real Estate,Real estate agency,(503) 622-9624,https://www.matinrealestate.com/?utm_source=gmb&utm_medium=organic,"1220 Main St Ste 400, Vancouver, WA 98660",Vancouver,Washington,98660,4.8,49,https://www.google.com/maps/search/?api=1&query=Matin%20Real%20Estate&query_place_id=ChIJrTmRPpiplVQR2JvdEks2xJc
The Groove,Apartment complex,(360) 696-4721,https://www.thegroovevancouver.com/?rcstdid=Mg%3D%3D-YRjTEizZPgM%3D&utm_source=gmb&utm_medium=organic,"900 NE Minnehaha St, Vancouver, WA 98665",Vancouver,Washington,98665,3.5,48,https://www.google.com/maps/search/?api=1&query=The%20Groove&query_place_id=ChIJ7TPYk-WulVQRIxJF0FRo8lE
"Becky Konat, Keller Williams Realty - Real Estate Broker",Real estate agent,(360) 600-3498,http://konatrealty.com/,"2211 E Mill Plain Blvd, Vancouver, WA 98661",Vancouver,Washington,98661,5,46,https://www.google.com/maps/search/?api=1&query=Becky%20Konat%2C%20Keller%20Williams%20Realty%20-%20Real%20Estate%20Broker&query_place_id=ChIJVzfZ5aavlVQRahCB60vgjP8
Broadstone Battle Ground,Apartment rental agency,(360) 964-8260,https://prosebattleground.com/?ilm=obl&utm_source=gmb&utm_medium=organic,"917 SW 31st St, Battle Ground, WA 98604",Battle Ground,Washington,98604,4,45,https://www.google.com/maps/search/?api=1&query=Broadstone%20Battle%20Ground&query_place_id=ChIJPQfZ8oKzlVQRle-Z9fHnKvE
Real Property Management Services,Property management company,(360) 693-6260,https://rpmservice.net/,"10818 NE Coxley Dr Ste N, Vancouver, WA 98662",Vancouver,Washington,98662,3,43,https://www.google.com/maps/search/?api=1&query=Real%20Property%20Management%20Services&query_place_id=ChIJZZUHQuKvlVQRTle0Z0MfEgw
Prairie Home Apartments,Apartment complex,(360) 984-3860,https://prairiehomeapartments.com/,"12101 NE 116th St, Vancouver, WA 98682",Vancouver,Washington,98682,4.7,43,https://www.google.com/maps/search/?api=1&query=Prairie%20Home%20Apartments&query_place_id=ChIJ2xDyebKxlVQRLjS_b48s214
ATRIO Apartments,Apartment complex,(855) 934-3839,https://www.liveatrio.com/?rcstdid=Mg%3D%3D-YRjTEizZPgM%3D&utm_source=gmb&utm_medium=organic,"2231 NE Bridgecreek Ave, Vancouver, WA 98664",Vancouver,Washington,98664,3,43,https://www.google.com/maps/search/?api=1&query=ATRIO%20Apartments&query_place_id=ChIJlXsVtH2llVQR5GKqEJKyc3w
RealWise Property Management,Property management company,(360) 573-3400,http://realwisepm.com/,"7017 NE Hwy 99 #102, Vancouver, WA 98665",Vancouver,Washington,98665,4.1,42,https://www.google.com/maps/search/?api=1&query=RealWise%20Property%20Management&query_place_id=ChIJO1Sx0mCvlVQRtApv7uhmuYM
Joseph Wagner Law Office,Attorney,(360) 282-2959,http://jwagner.legal/,"900 Washington St Ste 750, Vancouver, WA 98660",Vancouver,Washington,98660,5,42,https://www.google.com/maps/search/?api=1&query=Joseph%20Wagner%20Law%20Office&query_place_id=ChIJGyGdb-qplVQRK-3mf6bW3a4
Michael Meyer Real Estate & Mortgage,Real estate agent,(503) 729-4286,https://michaelmeyer.homes/,"1210 Daniels St, Vancouver, WA 98660",Vancouver,Washington,98660,5,41,https://www.google.com/maps/search/?api=1&query=Michael%20Meyer%20Real%20Estate%20%26%20Mortgage&query_place_id=ChIJGZXhOfWplVQROyEuC5kemnE
RiverWest,Apartment complex,(360) 695-0878,https://www.riverwest.com/,"700 Waterfront Wy, Vancouver, WA 98660",Vancouver,Washington,98660,4.3,41,https://www.google.com/maps/search/?api=1&query=RiverWest&query_place_id=ChIJH-o9q0SplVQRu0QmcPArGX8
"Dineve Ramirez, Real Estate Broker at Knipe Realty ERA Powered",Real estate agency,(503) 729-0065,http://www.dineveramirez.com/,"900 Washington St #1030, Vancouver, WA 98660",Vancouver,Washington,98660,5,41,https://www.google.com/maps/search/?api=1&query=Dineve%20Ramirez%2C%20Real%20Estate%20Broker%20at%20Knipe%20Realty%20ERA%20Powered&query_place_id=ChIJ3xFhps6klVQRkrByl_smbY8
Townhouse Square Apartments,Apartment complex,(360) 695-9364,https://www.townhousesquareprinceton.com/,"8701 E Mill Plain Blvd, Vancouver, WA 98664",Vancouver,Washington,98664,3,40,https://www.google.com/maps/search/?api=1&query=Townhouse%20Square%20Apartments&query_place_id=ChIJqZeTrp-llVQR4Sb7xjqypxk
G & G Property Management Inc,Property management company,(360) 694-7750,,"3813 H St, Vancouver, WA 98663",Vancouver,Washington,98663,2.3,40,https://www.google.com/maps/search/?api=1&query=G%20%26%20G%20Property%20Management%20Inc&query_place_id=ChIJ54RCGLWolVQRbc4RbE5iG-Y
Rediviva at the Waterfront,Apartment building,(360) 243-5038,https://www.redivivavancouver.com/?utm_source=GoogleLocalListing&utm_medium=organic,"111 Parkway Pl, Vancouver, WA 98660",Vancouver,Washington,98660,4.5,39,https://www.google.com/maps/search/?api=1&query=Rediviva%20at%20the%20Waterfront&query_place_id=ChIJN_dUm0KplVQRxrEnY8V7Jhg
First Street Station,Apartment complex,(360) 883-9006,https://firststreetstationapt.com/,"16119 SE 1st St, Vancouver, WA 98684",Vancouver,Washington,98684,4.4,38,https://www.google.com/maps/search/?api=1&query=First%20Street%20Station&query_place_id=ChIJhTWE3dSklVQR-RxiAoisv9I
Bishop Real Estate,Real estate agent,(360) 909-1179,https://www.jbishoprealestate.com/,"7700 NE Parkway Dr #125, Vancouver, WA 98662",Vancouver,Washington,98662,5,38,https://www.google.com/maps/search/?api=1&query=Bishop%20Real%20Estate&query_place_id=ChIJjwvE4-aplVQRDnxC3xHwxq0
"Brantley Christianson Real Estate, OR & WA",Real estate agency,(360) 524-2387,https://brantleychristianson.com/,"2005 SE 192nd Ave Ste 200, Camas, WA 98607",Camas,Washington,98607,4.7,38,https://www.google.com/maps/search/?api=1&query=Brantley%20Christianson%20Real%20Estate%2C%20OR%20%26%20WA&query_place_id=ChIJxylaM5GvlVQRfIYIjtZtmos
Corporate Woods Apartments,Apartment complex,(360) 364-1604,http://www.corporatewoodsapts.com/,"4821 NE 110th Ave, Vancouver, WA 98682",Vancouver,Washington,98682,4.1,37,https://www.google.com/maps/search/?api=1&query=Corporate%20Woods%20Apartments&query_place_id=ChIJ073bYvyvlVQRJvQ4--3zIOs
Amil Haddad-Haddad Property Group at Century 21 North Homes Realty,Real estate agent,(360) 852-5910,https://haddadpropertygroup.sites.c21.homes/,"915 Broadway St Ste 102, Vancouver, WA 98660",Vancouver,Washington,98660,5,36,https://www.google.com/maps/search/?api=1&query=Amil%20Haddad-Haddad%20Property%20Group%20at%20Century%2021%20North%20Homes%20Realty&query_place_id=ChIJZ3ROFvm7lVQRnUsc1zKYITE
Aeon Apartments,Apartment rental agency,(360) 487-6657,https://aeonapartments.com/,"1119 C St, Vancouver, WA 98660",Vancouver,Washington,98660,4.6,34,https://www.google.com/maps/search/?api=1&query=Aeon%20Apartments&query_place_id=ChIJqZDWG5mplVQR29Us2OXWaMY
The Crossings Apartments & Townhomes,Apartment building,(360) 723-0585,https://bgcrossings.com/,"901 SE 11th Pl #212, Battle Ground, WA 98604",Battle Ground,Washington,98604,5,34,https://www.google.com/maps/search/?api=1&query=The%20Crossings%20Apartments%20%26%20Townhomes&query_place_id=ChIJG5Fs5W60lVQRqpQ1qmxyAm8
Delta Management Company,Property management company,(360) 696-4448,https://www.deltamanagementco.com/,"203 E Reserve St, Vancouver, WA 98661",Vancouver,Washington,98661,2.7,34,https://www.google.com/maps/search/?api=1&query=Delta%20Management%20Company&query_place_id=ChIJye_BbKuolVQRLrsKMTeeVc4
Al Angelo Company,Property management company,(360) 694-3343,http://www.alangelo.com/,"400 E Mill Plain Blvd #500, Vancouver, WA 98660",Vancouver,Washington,98660,3.6,32,https://www.google.com/maps/search/?api=1&query=Al%20Angelo%20Company&query_place_id=ChIJZT4787SolVQRJjQliqzW1vc
"Jace Rock, Real Estate Broker",Real estate agency,(360) 635-1201,http://jacerock.com/,"525 W 8th St, Vancouver, WA 98660",Vancouver,Washington,98660,5,31,https://www.google.com/maps/search/?api=1&query=Jace%20Rock%2C%20Real%20Estate%20Broker&query_place_id=ChIJ7UWW6eWtlVQRitGsZfMo4Es
"RJ Property Management, LLC",Property management company,(360) 828-5164,https://www.rjpmllc.com/,"4805 NE 122nd Ave, Vancouver, WA 98682",Vancouver,Washington,98682,1.6,31,https://www.google.com/maps/search/?api=1&query=RJ%20Property%20Management%2C%20LLC&query_place_id=ChIJVVVVVWW6lVQRWojoJtTV_mU
Lutheran Community Services NW,Social services organization,(360) 694-5624,http://lcsnw.org/vancouver/index.html,"3600 Main St #200, Vancouver, WA 98663",Vancouver,Washington,98663,4.4,31,https://www.google.com/maps/search/?api=1&query=Lutheran%20Community%20Services%20NW&query_place_id=ChIJtwRWvC-vlVQRzqgXg5Jmf5w
Westridge Lofts,Apartment complex,(360) 907-0301,https://www.westridgelofts.com/,"2311 SE 192nd Ave, Camas, WA 98607",Camas,Washington,98607,4.4,29,https://www.google.com/maps/search/?api=1&query=Westridge%20Lofts&query_place_id=ChIJR4aUSA67lVQR6s1pbnifPMc
River View Tower,Apartment complex,(360) 694-3343,https://enjoyriverviewtower.com/,"209 W Evergreen Blvd, Vancouver, WA 98660",Vancouver,Washington,98660,4.8,29,https://www.google.com/maps/search/?api=1&query=River%20View%20Tower&query_place_id=ChIJ9Z8iKLGolVQRF0CaAyF1B9A
The Riva,Apartment rental agency,(360) 667-1167,https://therivaapts.com/?utm_source=gmb&utm_medium=organic,"1110 W Columbia Way, Vancouver, WA 98660",Vancouver,Washington,98660,5,28,https://www.google.com/maps/search/?api=1&query=The%20Riva&query_place_id=ChIJVZ8vZGuplVQRhRZf2DQZzNg
Louise James Real Estate Broker,Real estate agent,(360) 607-5717,https://louisejamesrealestate.com/?utm_source=gbp&utm_medium=organic,"418 NE 4th Ave Ste 101, Camas, WA 98607",Camas,Washington,98607,4.8,27,https://www.google.com/maps/search/?api=1&query=Louise%20James%20Real%20Estate%20Broker&query_place_id=ChIJq6rqJ7eolVQRGcbQcQ_DigU
"Pacific NW Land, LLC",Property management company,(360) 949-6986,http://pnwland.com/,"800 NE Tenney Rd Ste 110-2, Vancouver, WA 98685",Vancouver,Washington,98685,2.8,27,https://www.google.com/maps/search/?api=1&query=Pacific%20NW%20Land%2C%20LLC&query_place_id=ChIJVVVVIeutlVQR8tdWIMqXYgg
Devonwood and First Place Apartments,Apartment rental agency,(833) 646-2459,https://www.firstplacedevonwood.com/?rcstdid=Mg%3D%3D-YRjTEizZPgM%3D&utm_source=GBP&utm_medium=organic&utm_knock=gmb,"101 NE 1st Ave, Battle Ground, WA 98604",Battle Ground,Washington,98604,4.1,26,https://www.google.com/maps/search/?api=1&query=Devonwood%20and%20First%20Place%20Apartments&query_place_id=ChIJz6vXlGG0lVQRGJgfoM0NMts
Selling Keys Real Estate,Real estate agency,(503) 707-7011,http://www.sellingkeys.com/,"1220 Main St Suit 400, Vancouver, WA 98660",Vancouver,Washington,98660,5,26,https://www.google.com/maps/search/?api=1&query=Selling%20Keys%20Real%20Estate&query_place_id=ChIJV9QN3buplVQRTa200E_1vKo
Grand Vista Apartments,Apartment complex,(360) 360-4894,http://grandvistaprinceton.com/,"2700 E 5th St, Vancouver, WA 98661",Vancouver,Washington,98661,4,25,https://www.google.com/maps/search/?api=1&query=Grand%20Vista%20Apartments&query_place_id=ChIJrz9fE5uvlVQRwLnwab6Z36k
Kimberley Duval,Real estate agent,(503) 851-9085,http://pdxmetrohomesales.com/,"217 W Evergreen Blvd, Vancouver, WA 98660",Vancouver,Washington,98660,5,25,https://www.google.com/maps/search/?api=1&query=Kimberley%20Duval&query_place_id=ChIJ85tZC6KplVQRVXU0bEVbR7k
Nick Thomas Real Estate Broker,Real estate agent,(360) 450-9188,http://nickthomas.handrisrealty.com/,"15524 SE Mill Plain Blvd Ste 100, Vancouver, WA 98684",Vancouver,Washington,98684,5,24,https://www.google.com/maps/search/?api=1&query=Nick%20Thomas%20Real%20Estate%20Broker&query_place_id=ChIJmzHnBcillVQR6YuHRfBAqIc
"Columbia Commercial, LLC",Property management company,(360) 735-8001,http://www.ccpprop.com/,"9120 NE Vancouver Mall Loop #266, Vancouver, WA 98662",Vancouver,Washington,98662,4.7,23,https://www.google.com/maps/search/?api=1&query=Columbia%20Commercial%2C%20LLC&query_place_id=ChIJQfV4SOmvlVQRly6t4VbRx8w
Westwood Commons,Apartment building,(360) 666-8000,,"318 SW 15th Ave blk 130, Battle Ground, WA 98604",Battle Ground,Washington,98604,3.8,21,https://www.google.com/maps/search/?api=1&query=Westwood%20Commons&query_place_id=ChIJp64pIX60lVQRarH_O_fv7Ks
Block 1618 Apartment Homes,Apartment building,(844) 791-4349,http://www.block1618.com/?rcstdid=Mg==-YRjTEizZPgM=,"1618 NE 112th Ave Apt 49, Vancouver, WA 98684",Vancouver,Washington,98684,4.3,21,https://www.google.com/maps/search/?api=1&query=Block%201618%20Apartment%20Homes&query_place_id=ChIJb7FmA-yllVQRBYjEKNqQRPA
GMLC Property Management,Property management company,(360) 896-5013,,"6400 NE Hwy 99 Ste G, PMB 174, Vancouver, WA 98665",Vancouver,Washington,98665,3.7,21,https://www.google.com/maps/search/?api=1&query=GMLC%20Property%20Management&query_place_id=ChIJzXTSoCyvlVQRfiwx8VF9rCM
Rose Real Estate Group,Real estate agency,(360) 903-3466,https://www.roserealestategroup.com/?utm_source=Next&utm_medium=Google_website%2B,"2211 E Mill Plain Blvd, Vancouver, WA 98661",Vancouver,Washington,98661,5,20,https://www.google.com/maps/search/?api=1&query=Rose%20Real%20Estate%20Group&query_place_id=ChIJObiH8XlNlFQRg3CwKTfq6Gk
Kachevas Real Estate,Real estate agency,(360) 818-4638,https://www.kachevas.com/,"27312 NE Hathaway Rd, Camas, WA 98607",Camas,Washington,98607,4.8,20,https://www.google.com/maps/search/?api=1&query=Kachevas%20Real%20Estate&query_place_id=ChIJgy9H_hC7lVQRMBw8BvfkOxU
First Place Apartments,Apartment rental agency,(833) 646-2459,https://www.firstplacedevonwood.com/,"408 SW Eaton Blvd, Battle Ground, WA 98604",Battle Ground,Washington,98604,3.3,20,https://www.google.com/maps/search/?api=1&query=First%20Place%20Apartments&query_place_id=ChIJQ9PXfHa0lVQRh5NCgPMm37Q
X2 Realty & Property Management,Property management company,(360) 931-4243,http://x2realty.com/,"416 NE Dallas St #203, Camas, WA 98607",Camas,Washington,98607,5,19,https://www.google.com/maps/search/?api=1&query=X2%20Realty%20%26%20Property%20Management&query_place_id=ChIJOcaKO4G9lVQRwp_QYrxivzY
Realvest Corporation,Property management company,(360) 694-6000,http://www.realvestcorp.com/,"The broadway building, 205 E 11th St Ste 200, Vancouver, WA 98660",Vancouver,Washington,98660,3.7,19,https://www.google.com/maps/search/?api=1&query=Realvest%20Corporation&query_place_id=ChIJh7E9qbaolVQRys3cVOddmiA
Island Properties of Vancouver LLC,Property management company,(360) 260-7315,https://www.clarkcountyrental.com/,"6810 NE 134th Ave, Vancouver, WA 98682",Vancouver,Washington,98682,3.2,19,https://www.google.com/maps/search/?api=1&query=Island%20Properties%20of%20Vancouver%20LLC&query_place_id=ChIJA4NgRhOwlVQRTc_yaBN8NEY
Community Management of Vancouver,Property management company,(360) 993-5470,http://www.cmofvancouver.com/,"803 Grand Blvd Ste a-1, Vancouver, WA 98661",Vancouver,Washington,98661,2.4,18,https://www.google.com/maps/search/?api=1&query=Community%20Management%20of%20Vancouver&query_place_id=ChIJxT4RYV6vlVQRkezy-Xqi9zM
Seth McCauley Real Estate Broker,Real estate agent,(971) 322-4679,http://www.sethmccauley.com/,"1401 SE 164th Ave Ste 190, Vancouver, WA 98683",Vancouver,Washington,98683,5,18,https://www.google.com/maps/search/?api=1&query=Seth%20McCauley%20Real%20Estate%20Broker&query_place_id=ChIJBZ9RMl2llVQRlbgV5v2U_PI
"Praedium Law Group, PLLC",Attorney,(360) 583-3381,http://www.praediumlawgroup.com/,"1111 Main St #416, Vancouver, WA 98660",Vancouver,Washington,98660,4.6,18,https://www.google.com/maps/search/?api=1&query=Praedium%20Law%20Group%2C%20PLLC&query_place_id=ChIJE5P4JqallVQRRzcKhLf-Li0
Lachlan Management Group,Property management company,,,"813 W Main St #106, Battle Ground, WA 98604",Battle Ground,Washington,98604,4.4,17,https://www.google.com/maps/search/?api=1&query=Lachlan%20Management%20Group&query_place_id=ChIJPWYucY21lVQRg_X38JRUmKE
"Brian H. Wolfe, P.C. Attorney At Law",Real estate attorney,(360) 836-4591,https://brianwolfelaw.com/,"303 E 16th St #103, Vancouver, WA 98663",Vancouver,Washington,98663,4.9,17,https://www.google.com/maps/search/?api=1&query=Brian%20H.%20Wolfe%2C%20P.C.%20Attorney%20At%20Law&query_place_id=ChIJi-_F17ColVQRXOYrZJCsNho
"Sterling Properties Real Estate Services, LLC",Property management company,(360) 546-3341,http://www.sterlingproperties.com/,"1111 Main St Ste 500, Vancouver, WA 98660",Vancouver,Washington,98660,4,16,https://www.google.com/maps/search/?api=1&query=Sterling%20Properties%20Real%20Estate%20Services%2C%20LLC&query_place_id=ChIJAQAAAGSulVQRvzApVwpgclM
Coldwell Banker United Brokers Real Estate and Property Management,Property management company,(360) 687-3183,http://cbunitedbrokers.com/,"1710 W Main St #110, Battle Ground, WA 98604",Battle Ground,Washington,98604,4.3,16,https://www.google.com/maps/search/?api=1&query=Coldwell%20Banker%20United%20Brokers%20Real%20Estate%20and%20Property%20Management&query_place_id=ChIJB9HF8oe0lVQRTtvnGO5PgVo
Legions Realty,Real estate agency,(360) 723-0015,https://www.legionsrealty.com/,"717 W Main St Ste 125, Battle Ground, WA 98604",Battle Ground,Washington,98604,4.8,16,https://www.google.com/maps/search/?api=1&query=Legions%20Realty&query_place_id=ChIJkzadLsq1lVQRqSferVTDLTg
Certified Real Estate Solutions,Real estate agency,(503) 715-1936,http://certifiedres.com/,"201 NE Park Plaza Dr #200, Vancouver, WA 98684",Vancouver,Washington,98684,5,16,https://www.google.com/maps/search/?api=1&query=Certified%20Real%20Estate%20Solutions&query_place_id=ChIJaQ5lb4-llVQRwwTrzRN_WqM
Discover Northwest Realty Group inc,Property management company,(360) 843-4032,https://discovernwrealtygroup.com/,"510 E Main St, Battle Ground, WA 98604",Battle Ground,Washington,98604,4.9,15,https://www.google.com/maps/search/?api=1&query=Discover%20Northwest%20Realty%20Group%20inc&query_place_id=ChIJ-1xDv2C0lVQRp923nDlrBKs
Princeton Property Management,Property management company,(360) 694-7700,http://www.princetonproperty.com/,"2003 Todd Rd #84, Vancouver, WA 98661",Vancouver,Washington,98661,1.7,15,https://www.google.com/maps/search/?api=1&query=Princeton%20Property%20Management&query_place_id=ChIJ40dJKCSvlVQRiKgF1iOvsz4
"Real Asset Management, Inc",Property management company,(360) 558-7520,http://realassetnw.com/,"711 NE 1st St, Battle Ground, WA 98604",Battle Ground,Washington,98604,2.5,14,https://www.google.com/maps/search/?api=1&query=Real%20Asset%20Management%2C%20Inc&query_place_id=ChIJe_A5Oou0lVQRDSfQWdIugOw
West Rents Equipment,Equipment rental agency,(360) 839-3032,https://www.westrentsequipment.com/,"701 SE Eaton Blvd, Battle Ground, WA 98604",Battle Ground,Washington,98604,5,14,https://www.google.com/maps/search/?api=1&query=West%20Rents%20Equipment&query_place_id=ChIJ2xPdpcexlVQRtGbM71W_nrI
Rogue Real Estate,Real estate agency,(360) 573-3400,https://roguerealestate.com/,"7017 NE Hwy 99 #102, Vancouver, WA 98665",Vancouver,Washington,98665,3.8,14,https://www.google.com/maps/search/?api=1&query=Rogue%20Real%20Estate&query_place_id=ChIJhRjUMkavlVQRYkeZqbf1cWg
Vancouver Lodge,Mobile home park,(360) 253-5603,,"10804 NE Hwy 99, Vancouver, WA 98686",Vancouver,Washington,98686,3,14,https://www.google.com/maps/search/?api=1&query=Vancouver%20Lodge&query_place_id=ChIJbbzGTluvlVQRqMaW6XY0Gyk
Vancouver Property Group - Real Estate Agents,Real estate agency,(360) 803-4020,https://sellvancouverwa.com/,"4305D NE Thurston Way, Vancouver, WA 98662",Vancouver,Washington,98662,5,13,https://www.google.com/maps/search/?api=1&query=Vancouver%20Property%20Group%20-%20Real%20Estate%20Agents&query_place_id=ChIJXfLPiUmvlVQRcbn3U9R7Org
SWB Real Estate Group,Real estate agency,(360) 836-6799,http://swbrealestategroup.com/,"900 Washington St #1030, Vancouver, WA 98660",Vancouver,Washington,98660,5,12,https://www.google.com/maps/search/?api=1&query=SWB%20Real%20Estate%20Group&query_place_id=ChIJ1_1GzbWolVQRM1CAVMWm_Qs
Hundred Property Management,Property management company,(360) 505-4862,http://hundredpm.com/,"15650 NE Fourth Plain Blvd #101, Vancouver, WA 98682",Vancouver,Washington,98682,4.7,12,https://www.google.com/maps/search/?api=1&query=Hundred%20Property%20Management&query_place_id=ChIJJYgkHXuwlVQRnPZEF8Y33QE
Romig Rentals,Property management company,(360) 200-8868,http://romigrentals.com/,"2111 E Mill Plain Blvd, Vancouver, WA 98661",Vancouver,Washington,98661,4.7,12,https://www.google.com/maps/search/?api=1&query=Romig%20Rentals&query_place_id=ChIJpVLUXfevlVQRQ49zK6yOIvE
Washington First Properties,Real estate agency,(360) 567-2200,http://www.washingtonfirst.com/,"2005 SE 192nd Ave Ste 200, Camas, WA 98607",Camas,Washington,98607,4.3,12,https://www.google.com/maps/search/?api=1&query=Washington%20First%20Properties&query_place_id=ChIJxTJtzKSolVQR3P0osfPShDE
Anderson Court Apartments,Apartment complex,(360) 977-0708,https://www.olivetreepm.net/property-page/anderson-court-,"1405 NE 88th St Unit A-01, Vancouver, WA 98665",Vancouver,Washington,98665,4.8,11,https://www.google.com/maps/search/?api=1&query=Anderson%20Court%20Apartments&query_place_id=ChIJCXzuBquvlVQR9ylMBZ6k0k8
RE/MAX Equity Group - Vancouver Mall,Real estate agency,(360) 882-6000,https://www.equitygroup.com/,"7701 NE Greenwood Dr Ste 100, Vancouver, WA 98662",Vancouver,Washington,98662,4.5,11,https://www.google.com/maps/search/?api=1&query=RE%2FMAX%20Equity%20Group%20-%20Vancouver%20Mall&query_place_id=ChIJAQAAAJC6lVQRF2ONpehiEbk
Olive Tree Property Management,Property management company,(503) 297-2542,https://www.olivetreepm.net/,"1112 Columbia St, Vancouver, WA 98660",Vancouver,Washington,98660,4.6,10,https://www.google.com/maps/search/?api=1&query=Olive%20Tree%20Property%20Management&query_place_id=ChIJW8Z1hNuplVQRPQoC7TI8Kq4
"4 Elements Property Management, LLC",Property management company,(877) 404-4376,http://www.4elementspm.com/,"2000 Laurel Pl Office, Vancouver, WA 98661",Vancouver,Washington,98661,3.6,10,https://www.google.com/maps/search/?api=1&query=4%20Elements%20Property%20Management%2C%20LLC&query_place_id=ChIJP0HjxEKvlVQReRwQqwtz2vo
Rivergrove,Condominium complex,(833) 229-3477,http://liveatrivergroveapt.com/,"617 SE 4th St, Battle Ground, WA 98604",Battle Ground,Washington,98604,3.1,10,https://www.google.com/maps/search/?api=1&query=Rivergrove&query_place_id=ChIJUXjEhma0lVQREgbwNsfPE5A
Windermere Crest Realty Co,Real estate agency,(360) 834-3344,https://windermerecamas.com/,"Windermere Crest, 401 NE 3rd Ave #1, Camas, WA 98607",Camas,Washington,98607,4.2,9,https://www.google.com/maps/search/?api=1&query=Windermere%20Crest%20Realty%20Co&query_place_id=ChIJcRUkMfC8lVQREsYTldjIxQ4
E.P. Properties,Property management company,(360) 253-8986,http://www.parktowersvancouver.com/,"201 NE Park Plaza Dr #196, Vancouver, WA 98684",Vancouver,Washington,98684,3.3,8,https://www.google.com/maps/search/?api=1&query=E.P.%20Properties&query_place_id=ChIJ6_pV6CKllVQRoXGPEWg5vEw
Eqwest LLC,Property management company,(360) 896-5885,,"1614 Washington St, Vancouver, WA 98660",Vancouver,Washington,98660,2,8,https://www.google.com/maps/search/?api=1&query=Eqwest%20LLC&query_place_id=ChIJCYoFjLWolVQRqAAfzB4mnAw
"Prudent Capital Investments, LLC",Real estate developer,(360) 208-7803,https://www.pci.homes/,"1220 Main St Suit 400, Vancouver, WA 98660",Vancouver,Washington,98660,5,7,https://www.google.com/maps/search/?api=1&query=Prudent%20Capital%20Investments%2C%20LLC&query_place_id=ChIJl3RNyneplVQRDblvaY60z9M
One Twenty Up,Apartment complex,(888) 804-9574,https://onetwentyup.com/?rcstdid=Mg==YRjTEizZPgM=,"333 SE 120th Ave, Vancouver, WA 98683",Vancouver,Washington,98683,5,7,https://www.google.com/maps/search/?api=1&query=One%20Twenty%20Up&query_place_id=ChIJZRJWIhSllVQRHOm8eekOGEk
Mid-County Management,Property management company,(360) 687-5848,http://www.mcmrentals.com/,"109 SW 1st St, Battle Ground, WA 98604",Battle Ground,Washington,98604,4.4,7,https://www.google.com/maps/search/?api=1&query=Mid-County%20Management&query_place_id=ChIJi_1EAGO0lVQRUTGbI4JBwFI
Skyline Real Estate,Property management company,(503) 475-0264,https://pnwbestrealtor.com/,"9710 NE 142nd Ave, Vancouver, WA 98682",Vancouver,Washington,98682,4.4,7,https://www.google.com/maps/search/?api=1&query=Skyline%20Real%20Estate&query_place_id=ChIJO61_qXGxlVQRg-tu0mB-MuE
Community Mediation Services,Mediation service,(360) 334-5862,http://www.mediationclarkcounty.org/,"303 E 16th St, Vancouver, WA 98663",Vancouver,Washington,98663,4.9,7,https://www.google.com/maps/search/?api=1&query=Community%20Mediation%20Services&query_place_id=ChIJJw3jQLWolVQRagdM0PkdvYg
Wise Move Real Estate,Real estate agency,(360) 986-5700,http://wisemovere.com/,"310 NE 5th Ave, Camas, WA 98607",Camas,Washington,98607,3.7,6,https://www.google.com/maps/search/?api=1&query=Wise%20Move%20Real%20Estate&query_place_id=ChIJR9EOibaolVQRdvhAcoJFGaI
Berkshire Hathaway HomeServices Northwest Real Estate - Battle Ground Office,Real estate agency,(360) 687-4942,https://battleground.bhhsnw.com/,"202 E Main St, Battle Ground, WA 98604",Battle Ground,Washington,98604,5,6,https://www.google.com/maps/search/?api=1&query=Berkshire%20Hathaway%20HomeServices%20Northwest%20Real%20Estate%20-%20Battle%20Ground%20Office&query_place_id=ChIJOT0EpGO0lVQRLqm5xfRRTDM
Lacamas Property Management,Apartment complex,(360) 835-1031,https://www.lacamaspm.com/,"82 Washougal River Rd, Washougal, WA 98671",Washougal,Washington,98671,3.4,5,https://www.google.com/maps/search/?api=1&query=Lacamas%20Property%20Management&query_place_id=ChIJAQCEd7C9lVQRY7l-IqWmTmA
Amazing Properties: Lindsey Maze,Real estate agency,(360) 798-2786,http://amazingpropertieswa.com/,"717 W Main St #125, Battle Ground, WA 98604",Battle Ground,Washington,98604,4,5,https://www.google.com/maps/search/?api=1&query=Amazing%20Properties%3A%20Lindsey%20Maze&query_place_id=ChIJVVXFAGO0lVQR1XeLa6cD-Qs
Velendo Vancouver Plaza LLC,Office space rental agency,(503) 753-1567,http://www.velendovancouverplaza.com/,"5115 NE 94th Ave, Vancouver, WA 98662",Vancouver,Washington,98662,5,5,https://www.google.com/maps/search/?api=1&query=Velendo%20Vancouver%20Plaza%20LLC&query_place_id=ChIJ75tddgyvlVQRfX2rXrdw81M
NW Landlord Solutions,Legal services,(360) 695-0770,http://www.waevictions.com/,"532 NE 3rd Ave Ste 104, Camas, WA 98607",Camas,Washington,98607,3,4,https://www.google.com/maps/search/?api=1&query=NW%20Landlord%20Solutions&query_place_id=ChIJhRu3LfS9lVQRoaBV9jHxCTk
Xpert Property Management,Property management company,(360) 217-9064,https://www.xpertwapm.com/,"3925 NE 72nd Ave Ste 100, Vancouver, WA 98661",Vancouver,Washington,98661,4.8,4,https://www.google.com/maps/search/?api=1&query=Xpert%20Property%20Management&query_place_id=ChIJ6fAvZJqvlVQRlYUUo4ne8lY
Three Star Realty Inc,Property management company,(360) 694-1518,,"406 N Andresen Rd, Vancouver, WA 98661",Vancouver,Washington,98661,3.8,4,https://www.google.com/maps/search/?api=1&query=Three%20Star%20Realty%20Inc&query_place_id=ChIJf7goT5CllVQRWnRocqWpGPs
Clark County Property Management Inc.,Property management company,(360) 521-4555,,"2700 Caples Ave #5275, Vancouver, WA 98668",Vancouver,Washington,98668,3.7,3,https://www.google.com/maps/search/?api=1&query=Clark%20County%20Property%20Management%20Inc.&query_place_id=ChIJr_PRtV6vlVQRg93k2nHUZVk
Clark County Community Services,County government office,(564) 397-2130,https://clark.wa.gov/community-services,"1601 E 4th Plain Blvd C214, Vancouver, WA 98661",Vancouver,Washington,98661,3.7,3,https://www.google.com/maps/search/?api=1&query=Clark%20County%20Community%20Services&query_place_id=ChIJ2W1hB0ivlVQR0z8vnxF0Alc
Logan's Residential Maintenance LLC,Handyman/Handywoman/Handyperson,(360) 953-8101,http://www.logansmaintenance.com/,"Brush Prairie, WA 98606",Brush Prairie,Washington,98606,5,2,https://www.google.com/maps/search/?api=1&query=Logan's%20Residential%20Maintenance%20LLC&query_place_id=ChIJxzNKjE6wlVQR4m6tCgXGyLI
Equity Washington Real Estate,Real estate agency,(503) 550-5808,http://www.equitywashington.com/,"701 NE 136th Ave Suite 200, Vancouver, WA 98684",Vancouver,Washington,98684,5,1,https://www.google.com/maps/search/?api=1&query=Equity%20Washington%20Real%20Estate&query_place_id=ChIJ24iBY3ullVQRlfbncmwvsYY
"Crystal Investment Property, LLC",Commercial real estate agency,(503) 530-1316,https://crystalip.com/,"600 NE 99th St, Vancouver, WA 98665",Vancouver,Washington,98665,5,1,https://www.google.com/maps/search/?api=1&query=Crystal%20Investment%20Property%2C%20LLC&query_place_id=ChIJM5p3GxoNlVQR0fawlTibjFE
Five Star Construction,General contractor,(360) 574-8784,http://www.fivestarconstruction.net/contact,"19211 NE 75th Ct, Battle Ground, WA 98604",Battle Ground,Washington,98604,5,1,https://www.google.com/maps/search/?api=1&query=Five%20Star%20Construction&query_place_id=ChIJ3Ytl3qizlVQRIn6ssS1h4Sg
TMG Multifamily,Property management company,(360) 777-7701,https://tmgmultifamily.com/,"7710 NE Vancouver Mall Dr Ste A, Vancouver, WA 98662",Vancouver,Washington,98662,1,1,https://www.google.com/maps/search/?api=1&query=TMG%20Multifamily&query_place_id=ChIJAR3uajuvlVQR1cOsi_DhEw4
Arete Real Estate Co,Real estate agency,(360) 207-1919,https://www.aretebuilt.com/,"222 NE Everett St, Camas, WA 98607",Camas,Washington,98607,,,https://www.google.com/maps/search/?api=1&query=Arete%20Real%20Estate%20Co&query_place_id=ChIJO03Phk-9lVQR-DYeBLWGNnA
Lemon Property Management,Property management company,(360) 328-1106,http://lemonpropertymgmt.com/,"717 W Main St, Battle Ground, WA 98604",Battle Ground,Washington,98604,,,https://www.google.com/maps/search/?api=1&query=Lemon%20Property%20Management&query_place_id=ChIJRaTEP320lVQRByeO5uvnmrk
"Brand New Family-Friendly Home for Rent in Battle Ground, WA",House,,https://www.decolar.com/hoteis/h-6260609,"Battle Ground, WA 98604",Battle Ground,Washington,,,,https://www.google.com/maps/search/?api=1&query=Brand%20New%20Family-Friendly%20Home%20for%20Rent%20in%20Battle%20Ground%2C%20WA&query_place_id=ChIJuUAdE3O0lVQRYpXHxRjqjqY
Prime Property Management,Property management company,(360) 253-5599,,"10702 NE 179th St, Battle Ground, WA 98604",Battle Ground,Washington,98604,,,https://www.google.com/maps/search/?api=1&query=Prime%20Property%20Management&query_place_id=ChIJkYDrg-qzlVQRzm_pEmjZF7E
Premier Properties Global,Real estate consultant,(702) 376-3464,https://ecard.link/card/3589/2236,"19215 SE 34th St, Camas, WA 98607",Camas,Washington,98607,,,https://www.google.com/maps/search/?api=1&query=Premier%20Properties%20Global&query_place_id=ChIJj-9KUdKllVQRHgNXpURm2sM
"Northwest Equities Investment Real Estate Services, Inc.",Commercial real estate agency,(360) 281-3130,http://www.nweire.com/,"3806 SE 179th Ave, Vancouver, WA 98683",Vancouver,Washington,98683,,,https://www.google.com/maps/search/?api=1&query=Northwest%20Equities%20Investment%20Real%20Estate%20Services%2C%20Inc.&query_place_id=ChIJX5GBS1CllVQRdxER-ndGObg
Real Estate Investment Group,Commercial real estate agency,(503) 222-1655,http://www.reig.com/,"The Waterfront, Vancouver - Blocks for Sale, Esther Street & Columbia Way, Vancouver, WA 98661",Vancouver,WA,98661,,,https://www.google.com/maps/search/?api=1&query=Real%20Estate%20Investment%20Group&query_place_id=ChIJy52U5bqolVQRvJt3qsKQqeE
The Lachlan Group,Property management company,(360) 989-7277,https://thelachlangroup.com/,"813 W Main St #106, Battle Ground, WA 98604",Battle Ground,Washington,98604,,,https://www.google.com/maps/search/?api=1&query=The%20Lachlan%20Group&query_place_id=ChIJF3e7y0q1lVQRBYx58A2R2a4
"DS Premier Properties, LLC",Real estate rental agency,,,"1207 SE Rasmussen Blvd Ste 111, Battle Ground, WA 98604",Battle Ground,Washington,98604,,,https://www.google.com/maps/search/?api=1&query=DS%20Premier%20Properties%2C%20LLC&query_place_id=ChIJf6itw_61lVQRzJK47Au9Sj0
"Premiere Property Group, LLC",Real estate agency,(360) 859-0544,https://lindseymaze.premierepropertygroup.com/,"717 W Main St #125, Battle Ground, WA 98604",Battle Ground,Washington,98604,,,https://www.google.com/maps/search/?api=1&query=Premiere%20Property%20Group%2C%20LLC&query_place_id=ChIJjRRbBGK1lVQRnbdxTOWOIps
Space Management LLC,Property management company,(360) 803-2228,https://www.space-mgmt.com/,"9013 NE Hwy 99 #5, Vancouver, WA 98665",Vancouver,Washington,98665,,,https://www.google.com/maps/search/?api=1&query=Space%20Management%20LLC&query_place_id=ChIJ-1BFphyvlVQRISHBc1SWiZY